Class,Train Count,Test Count,Average Variance
T-shirt/top,6000,1000,3417.2527842239947
Trouser,6000,1000,2134.994350413154
Pullover,6000,1000,3979.4215018448517
Dress,6000,1000,2960.681016800524
Coat,6000,1000,3533.008325384282
Sandal,6000,1000,3320.2765480511957
Shirt,6000,1000,4048.119441872449
Sneaker,6000,1000,2090.2928863942007
Bag,6000,1000,5172.825329602086
Ankle boot,6000,1000,3450.241392466665
